Workbook

Sheet Настройки
A1: КОММУНИКАЦИОННЫЙ КАЛЕНДАРЬ • ДЕЛАЙ-САММИТ
A2: Настройки кампании. Меняйте значения в столбце B — даты и часть решений в календаре пересчитываются автоматически.
A4: Параметр | B4: Значение | C4: Комментарий
A5: Дата Делай-саммита | B5: 46341 | C5: Замените на фактическую дату мероприятия
A6: Время начала | B6: 10:00 | C6: Для финальных напоминаний
A7: Город / площадка | B7: [город, площадка] | C7: Название площадки
A8: Адрес / вход | B8: [адрес, ориентир] | C8: Добавьте после окончательного подтверждения площадки
A9: Ссылка на регистрацию | B9: [ссылка] | C9: Одна рабочая ссылка во всех приглашениях
A10: Цель по регистрациям | B10: 120 | C10: Сколько регистраций нужно получить
A11: Лимит участников | B11: 150 | C11: Максимальная вместимость / лимит регистрации
A12: Факт регистраций | B12: 0 | C12: Обновляйте по данным формы регистрации
A13: Факт подтверждений | B13: 0 | C13: Если подтверждение явки используется
A14: Факт явки | B14: 0 | C14: Заполните после события для оценки кампании
A15: Ответственный за коммуникации | B15: [ФИО] | C15: Один владелец календаря и финальной версии сообщений
A16: Рабочий канал команды | B16: [чат / мессенджер] | C16: Источник правды по изменениям
A17: Порог точечного добора | B17: 0.7 | C17: Если к контрольной точке меньше этого % от цели — включаем точечный добор
A18: Порог остановки широкой кампании | B18: 0.85 | C18: При достижении этого % от лимита широкую рекламу лучше остановить
A19: Учреждения входят в целевые группы? | B19: Да | C19: Если нет — соответствующий шаг можно пропустить
A20: Нужно подтверждение явки? | B20: Да | C20: Полезно при лимите мест, питании или сложной логистике
A21: Нужен личный контроль ключевых участников? | B21: Да | C21: Для ведущих, партнёров, представителей учреждений
A22: Сложный вход / есть изменения в день события? | B22: Нет | C22: Если да — оправдано сообщение утром события

Sheet Коммуникационный календарь
A1: КОММУНИКАЦИОННЫЙ КАЛЕНДАРЬ • ПРИГЛАШЕНИЕ УЧАСТНИКОВ ДЕЛАЙ-САММИТА
A2: ЛОГИКА | B2: Обязательные — по плану | E2: Условные — только по данным | H2: После регистрации — без повторных приглашений
A4: ЦЕЛЬ РЕГИСТРАЦИЙ | C4: ФАКТ РЕГИСТРАЦИЙ | E4: % ЦЕЛИ | G4: ЛИМИТ | I4: % ЛИМИТА | K4: ТЕКУЩИЙ РЕЖИМ КАМПАНИИ
A5: =Настройки!B10 -> 120 | C5: =Настройки!B12 -> 0 | E5: =IFERROR(C5/A5,0) -> 0 | G5: =Настройки!B11 -> 150 | I5: =IFERROR(C5/G5,0) -> 0 | K5: =IF(Настройки!B12>=Настройки!B11*Настройки!B18,"ОСТАНОВИТЬ ШИРОКИЙ НАБОР",IF(TODAY()<Настройки!B5-18,"ПЛАНОВАЯ КАМПАНИЯ",IF(Настройки!B12<Настройки!B10*Настройки!B17,"УСИЛИТЬ ТОЧЕЧНЫЙ ДОБОР","ПЛАНОВАЯ КАМПАНИЯ"))) -> ПЛАНОВАЯ КАМПАНИЯ
A8: Тип шага | B8: Этап | C8: Срок | D8: Дата | E8: Кому | F8: Статусы аудитории / исключения | G8: Задача | H8: Сообщение / контент | I8: Канал | J8: CTA | K8: Условие запуска | L8: Решение сейчас | M8: Ответственный | N8: Статус | O8: План охвата | P8: Факт охвата | Q8: Переходы | R8: Регистрации | S8: Подтверждения | T8: Примечание
A9: Обязательный | B9: Старт кампании | C9: T–6 недель | D9: =Настройки!B5-42 -> 46299 | E9: Все целевые группы | F9: Отправлять: потенциальные. Исключить: зарегистрированные, отказавшиеся, «не получать сообщения». | G9: Объяснить, что такое Делай-саммит и открыть регистрацию | H9: Первый анонс: тема, для кого саммит, что будет происходить, чем участие полезно. Без перегруза деталями. | I9: Сайт / соцсети / рассылка | J9: Зарегистрироваться | K9: Всегда | L9: ВЫПОЛНИТЬ | M9: [ФИО] | N9: Не начато | O9: 500 | T9: Открыть регистрацию одновременно с первым анонсом.
A10: Обязательный | B10: Партнёрская волна | C10: T–5 недель | D10: =Настройки!B5-35 -> 46306 | E10: Аудитории партнёров | F10: Потенциальные / приглашённые. Не отправлять тем, кто уже зарегистрирован. | G10: Расширить охват за пределы собственных каналов | H10: Готовый пакет партнёру: короткий и длинный текст, визуал, одна ссылка на регистрацию. | I10: Партнёрские рассылки / соцсети | J10: Зарегистрироваться / переслать коллегам | K10: Всегда | L10: ВЫПОЛНИТЬ | M10: [ФИО] | N10: Не начато | O10: 400 | T10: Партнёру не нужно переписывать анонс самостоятельно.
A11: Обязательный | B11: Персональные приглашения | C11: T–5 недель | D11: =Настройки!B5-35 -> 46306 | E11: Ключевые НКО / эксперты / сообщества | F11: Потенциальные. После регистрации исключить из дальнейшего приглашения. | G11: Обеспечить представительность ключевых групп | H11: Почему зовём именно их + релевантная тема / формат + чем участие может быть полезно. | I11: E-mail / мессенджер / звонок | J11: Ответить / зарегистрироваться | K11: Всегда | L11: ВЫПОЛНИТЬ | M11: [ФИО] | N11: Не начато | O11: 60 | T11: Качество списка важнее масштаба. Персонализировать 1–2 фразы.
A12: Условный | B12: Работа с учреждениями | C12: T–4,5 недели | D12: =Настройки!B5-32 -> 46309 | E12: Учреждения / муниципальные структуры | F12: Потенциальные представители учреждений. Исключить уже подтвердивших участие. | G12: Запустить более медленный цикл согласования | H12: Короткое официальное приглашение: цель, роль представителя, формат участия и срок ответа. | I12: Официальное письмо + звонок | J12: Определить представителя / дать ответ | K12: Только если учреждения входят в целевые группы. | L12: =IF(Настройки!B19="Да","ВЫПОЛНИТЬ","НЕ НУЖНО") -> ВЫПОЛНИТЬ | M12: [ФИО] | N12: Не начато | O12: 30 | T12: Через 2–3 рабочих дня проверить получение через приёмную / секретаря.
A13: Обязательный | B13: Показать ценность программы | C13: T–3 недели | D13: =Настройки!B5-21 -> 46320 | E13: Потенциальные + приглашённые | F13: Не отправлять зарегистрированным как призыв к регистрации; им можно показать программу без CTA «зарегистрируйтесь». | G13: Снизить сомнения и показать практический формат | H13: Объединённое касание: 2–3 живых формата + пример «что вы будете делать» + возможный результат участия. | I13: Соцсети / e-mail / мессенджеры | J13: Посмотреть программу / зарегистрироваться | K13: Всегда | L13: ВЫПОЛНИТЬ | M13: [ФИО] | N13: Не начато | O13: 450 | T13: Объединяет прежние отдельные касания «ценность программы» и «истории / примеры».
A14: Обязательный | B14: Контроль регистрации | C14: T–2,5 недели | D14: =Настройки!B5-18 -> 46323 | E14: Команда организаторов | F14: Внутренняя коммуникация. | G14: Понять, кого и сколько не хватает | H14: Сверить факт регистраций с целью и составом аудитории: НКО / жители / бизнес / учреждения / другие группы. | I14: Внутренний созвон + таблица | J14: Принять решение о доборе | K14: Всегда | L14: ВЫПОЛНИТЬ | M14: [ФИО] | N14: Не начато | O14: 0 | T14: Проверять не только число, но и структуру аудитории.
A15: Условный | B15: Точечный добор | C15: T–2 недели | D15: =Настройки!B5-14 -> 46327 | E15: Недопредставленные группы | F15: Только потенциальные / приглашённые из дефицитного сегмента. Исключить зарегистрированных и отказавшихся. | G15: Добрать нужную аудиторию без новой массовой волны | H15: Персональные приглашения и звонки конкретным организациям / людям с ценностью именно для их задач. | I15: E-mail / звонок / мессенджер | J15: Подтвердить участие | K15: Запускать, если к контрольной точке регистраций меньше установленного % цели или есть перекос по сегментам. | L15: =IF(TODAY()<Настройки!B5-18,"ПОЗЖЕ: ПОСЛЕ КОНТРОЛЯ",IF(Настройки!B12<Настройки!B10*Настройки!B17,"ЗАПУСТИТЬ","ПРОВЕРИТЬ СОСТАВ ЦА")) -> ПОЗЖЕ: ПОСЛЕ КОНТРОЛЯ | M15: [ФИО] | N15: Не начато | O15: 50 | T15: Лучше 30 точных контактов, чем ещё одна широкая рассылка.
A16: Условный | B16: Последняя широкая волна | C16: T–7 дней | D16: =Настройки!B5-7 -> 46334 | E16: Потенциальные участники | F16: Только незарегистрированные. Исключить отказавшихся, лист ожидания и «не получать сообщения». | G16: Закрыть существенный остаток мест, если он есть | H16: «Через неделю»: конкретные форматы, кому особенно полезно, сколько мест осталось — только если это правда. | I16: Соцсети / партнёры / рассылка | J16: Зарегистрироваться | K16: Не запускать, если достигнут порог заполнения лимита или цель уже закрыта. | L16: =IF(TODAY()<Настройки!B5-7,"ПОЗЖЕ: ПО СИТУАЦИИ",IF(OR(Настройки!B12>=Настройки!B11*Настройки!B18,Настройки!B12>=Настройки!B10),"НЕ ЗАПУСКАТЬ","МОЖНО ЗАПУСТИТЬ")) -> ПОЗЖЕ: ПО СИТУАЦИИ | M16: [ФИО] | N16: Не начато | O16: 350 | T16: При заполнении лимита переключить коммуникацию на лист ожидания.
A17: Обязательный | B17: Организационная информация | C17: T–5 дней | D17: =Настройки!B5-5 -> 46336 | E17: Зарегистрированные | F17: Только зарегистрированные / подтверждённые. Не отправлять потенциальным. | G17: Снизить неопределённость и предотвратить потери по дороге | H17: Адрес, вход, схема, регистрация на площадке, время старта, контакт, правила площадки, что взять с собой. | I17: E-mail + мессенджер | J17: Сохранить письмо / проверить маршрут | K17: Всегда | L17: ВЫПОЛНИТЬ | M17: [ФИО] | N17: Не начато | O17: 120 | T17: Логистика — отдельным коротким сообщением, а не внутри длинного анонса.
A18: Условный | B18: Подтверждение явки | C18: T–3 дня | D18: =Настройки!B5-3 -> 46338 | E18: Зарегистрированные | F18: Только зарегистрированные, которые ещё не подтвердили. Не писать подтвердившим и отказавшимся. | G18: Понять реальную явку и освободить ненужные места | H18: Коротко: «Планируете быть?» + простое подтверждение / отказ. | I18: E-mail / мессенджер | J18: Подтвердить / отменить | K18: Использовать при ограниченной вместимости, заказе питания или сложной логистике. | L18: =IF(Настройки!B20="Да","ВЫПОЛНИТЬ","НЕ НУЖНО") -> ВЫПОЛНИТЬ | M18: [ФИО] | N18: Не начато | O18: 120 | T18: Если свободных мест много и питание не зависит от явки — этот шаг можно пропустить.
A19: Условный | B19: Личный контроль ключевых участников | C19: T–2 дня | D19: =Настройки!B5-2 -> 46339 | E19: Ведущие / партнёры / ключевые представители | F19: Только критически важные участники. Не масштабировать на всю базу. | G19: Не потерять людей, от которых зависит программа / представительность | H19: Личное сообщение или звонок: время, место, роль, контакт на площадке. | I19: Мессенджер / звонок | J19: Подтвердить | K19: Только для заранее определённого списка ключевых людей. | L19: =IF(Настройки!B21="Да","ВЫПОЛНИТЬ","НЕ НУЖНО") -> ВЫПОЛНИТЬ | M19: [ФИО] | N19: Не начато | O19: 25 | T19: Список ключевых участников лучше определить на контрольной точке T–2,5 недели.
A20: Обязательный | B20: Финальное напоминание | C20: T–1 день | D20: =Настройки!B5-1 -> 46340 | E20: Зарегистрированные / подтверждённые | F20: Зарегистрированные, которые не отказались. При листе ожидания — отдельная коммуникация. | G20: Довести участника до площадки | H20: Очень коротко: завтра, время, адрес, вход, маршрут / программа, контакт организатора. | I20: Мессенджер / e-mail | J20: Прийти вовремя | K20: Всегда | L20: ВЫПОЛНИТЬ | M20: [ФИО] | N20: Не начато | O20: 120 | T20: Не добавлять новые большие смысловые блоки.
A21: Условный | B21: Сообщение утром события | C21: T0 | D21: =Настройки!B5+0 -> 46341 | E21: Подтверждённые участники | F21: Только если сложный вход, перенос, изменение времени / зала или другая реально полезная информация. | G21: Снизить опоздания и ошибки маршрута | H21: Одно экранное сообщение: сегодня, старт, вход / изменение, телефон. | I21: Мессенджер | J21: Доехать / найти вход | K21: Не отправлять по умолчанию; только если есть практическая причина. | L21: =IF(Настройки!B22="Да","ВЫПОЛНИТЬ","НЕ НУЖНО") -> НЕ НУЖНО | M21: [ФИО] | N21: Не начато | O21: 100 | T21: Обычное повторение вчерашнего письма — лишнее касание.
A22: Обязательный | B22: Спасибо и обратная связь | C22: T+1 день | D22: =Настройки!B5+1 -> 46342 | E22: Пришедшие участники | F22: Только фактические участники. Не писать «спасибо за участие» тем, кто не пришёл. | G22: Закрыть цикл и собрать обратную связь | H22: Спасибо + 2–3 результата дня + короткая форма обратной связи + срок, когда будут материалы. | I22: E-mail / мессенджер | J22: Дать обратную связь | K22: Всегда | L22: ВЫПОЛНИТЬ | M22: [ФИО] | N22: Не начато | O22: 100 | T22: Для не пришедших при необходимости — отдельное нейтральное письмо с материалами позже.
A23: Обязательный | B23: Итоговые материалы | C23: T+3–7 дней | D23: =Настройки!B5+5 -> 46346 | E23: Участники + партнёры | F23: Пришедшие; партнёры. Не получать сообщения — исключить. | G23: Вернуть результаты и поддержать продолжение | H23: Фото, итоги, материалы сессий, следующие шаги и контакты. | I23: E-mail / сайт / соцсети | J23: Использовать материалы / продолжить контакт | K23: Всегда | L23: ВЫПОЛНИТЬ | M23: [ФИО] | N23: Не начато | O23: 150 | T23: Лучше один качественный итоговый пакет, чем несколько разрозненных сообщений.

Sheet Аудитории и каналы
A1: АУДИТОРИИ И КАНАЛЫ • ДЕЛАЙ-САММИТ
A2: Используйте лист для сегментации: каждой группе — своя ценность, свой канал и свои исключения. Зарегистрированных больше не зовём «зарегистрироваться».
A4: Сегмент | B4: Что им важно | C4: Типичный барьер | D4: Основной канал | E4: Доп. канал | F4: Лучший CTA | G4: Как персонализировать | H4: Кому НЕ отправлять
A5: НКО и инициативные группы | B5: Практические форматы, контакты, обмен опытом, партнёрства | C5: «Ещё одно мероприятие без пользы» | D5: Персональный e-mail / мессенджер | E5: Партнёрские НКО-рассылки | F5: Выбрать полезный блок и зарегистрироваться | G5: Показать 1–2 сессии под их текущие задачи; назвать, с кем можно познакомиться | H5: Уже зарегистрированным — не повторять приглашение; отказавшимся и «не получать сообщения» — исключить
A6: Учреждения / муниципальные структуры | B6: Понимание запросов территории, контакты с НКО, рабочие решения | C6: Нужно внутреннее согласование; медленная коммуникация | D6: Официальное письмо | E6: Звонок через приёмную / секретаря | F6: Определить представителя до даты | G6: Коротко: цель, роль представителя, формат и срок ответа | H6: Не дублировать приглашение после подтверждения представителя
A7: Бизнес / профессиональные сообщества | B7: Партнёрства, социальная повестка, компетенции, локальные связи | C7: Неочевидно, зачем тратить время | D7: Персональное приглашение / ассоциации | E7: Деловые чаты / e-mail | F7: Зарегистрироваться / направить коллегу | G7: Связать программу с конкретной темой: партнёрство, волонтёрство, городские задачи | H7: Исключить зарегистрированных, отказавшихся и «не получать сообщения»
A8: Жители / активисты | B8: Понятная польза для жизни в городе, возможность быть услышанными | C8: Не понимают формат; боятся «конференции для специалистов» | D8: Соцсети / локальные сообщества | E8: Партнёрские каналы | F8: Посмотреть, что можно делать на саммите, и зарегистрироваться | G8: Объяснить простыми словами, что будет происходить шаг за шагом | H8: После регистрации переводить в цепочку организационной информации
A9: Волонтёры / молодёжные сообщества | B9: Активное участие, знакомства, полезный опыт | C9: Сомнение, что будет интересно / можно реально включиться | D9: Мессенджеры / сообщества | E9: Соцсети | F9: Выбрать активность / роль и зарегистрироваться | G9: Показывать живые форматы, действия и конкретные роли | H9: Не отправлять набор участника тем, кто уже вошёл в волонтёрскую команду
A10: Эксперты / лидеры сообществ | B10: Содержательный разговор, влияние на решения, профессиональные контакты | C10: Высокая загрузка, много приглашений | D10: Персональное обращение | E10: Звонок / рекомендация общего контакта | F10: Подтвердить участие | G10: Объяснить, почему важен именно их опыт и в какой сессии он нужен | H10: После подтверждения — только организационные сообщения / личный контроль при необходимости
A11: Партнёры как канал распространения | B11: Готовый пакет, минимум дополнительной работы | C11: Нет времени переписывать анонс под себя | D11: Готовый пакет материалов | E11: Личный контакт координатора | F11: Опубликовать / переслать до даты | G11: Дать короткий и длинный текст, визуал и одну рабочую ссылку | H11: Не просить повторную публикацию без новой причины / заметного обновления

Sheet Шаблоны сообщений
A1: ШАБЛОНЫ СООБЩЕНИЙ • ПРИГЛАШЕНИЕ УЧАСТНИКОВ
A2: Короткие заготовки под новую логику календаря. Перед отправкой замените поля в [квадратных скобках] и исключите тех, кому сообщение уже не актуально.
A4: Этап | B4: Для кого | C4: Тема / начало | D4: Текст | E4: CTA | F4: Не отправлять / условие
A5: Первый анонс | B5: Потенциальные участники | C5: Делай-саммит [город]: регистрация открыта | D5: Приглашаем на Делай-саммит [дата]. Это день практической работы: [2–3 примера форматов / задач]. Саммит будет полезен [кому]. Вы сможете [2–3 конкретные пользы]. | E5: Зарегистрироваться: [ссылка] | F5: Не отправлять уже зарегистрированным, отказавшимся и тем, кто попросил не присылать сообщения.
A6: Пакет партнёру | B6: Партнёры-распространители | C6: Материалы для приглашения на Делай-саммит | D6: Будем благодарны, если вы поделитесь приглашением с [аудитория]. Ниже — готовый короткий текст, визуал и ссылка на регистрацию. Можно публиковать без дополнительной редакции. | E6: Опубликовать / переслать до [дата] | F6: Не просить повторную публикацию без новой информационной причины.
A7: Персональное приглашение | B7: Ключевая НКО / эксперт | C7: [Имя], хотим пригласить вас на Делай-саммит | D7: Мы готовим Делай-саммит [дата]. В программе есть [сессия / тема], где особенно важен опыт [организация / человек] в [тема]. Думаем, вам также могут быть полезны [формат / контакт / результат]. | E7: Если откликается — зарегистрируйтесь: [ссылка] | F7: После регистрации больше не отправлять приглашения.
A8: Для учреждения | B8: Учреждение / муниципальная структура | C8: Приглашение к участию в Делай-саммите [дата] | D8: Делай-саммит объединит [кто] для работы над [темы]. Приглашаем представителя [организация] принять участие в [релевантные блоки]. Просим по возможности определить участника до [дата]. | E8: Подтвердить представителя: [контакт / ссылка] | F8: Использовать только если учреждения входят в целевые группы.
A9: Ценность программы | B9: Потенциальные / приглашённые | C9: Что будет происходить на Делай-саммите | D9: На саммите участники не только слушают. Например, в [формат] вы сможете [действие / результат], а в [формат] — [действие / результат]. Если вам важна тема [тема], приходите работать вместе. | E9: Посмотреть программу / зарегистрироваться | F9: Зарегистрированным можно отправить без CTA «зарегистрироваться» или не отправлять вовсе.
A10: Точечный добор | B10: Недопредставленный сегмент | C10: [Имя / организация], приглашаем именно вас | D10: Сейчас в составе участников нам особенно важно усилить присутствие [сегмент]. На саммите для вас релевантны [1–2 блока]. Будем рады, если вы сможете присоединиться или направить коллегу. | E10: Подтвердить участие / зарегистрироваться | F10: Только при дефиците сегмента или недостатке регистраций; не массовая рассылка.
A11: Организационное письмо | B11: Зарегистрированные | C11: Как попасть на Делай-саммит: адрес, вход, время | D11: Ждём вас [дата]. Регистрация с [время], начало — [время]. Адрес: [адрес]. Вход: [ориентир]. Маршрут: [ссылка]. Контакт в день события: [телефон]. | E11: Сохранить маршрут и прийти к [время] | F11: Только зарегистрированным / подтверждённым.
A12: Подтверждение явки | B12: Зарегистрированные без подтверждения | C12: Подтвердите, пожалуйста, участие | D12: До Делай-саммита осталось несколько дней. Планируете быть? Если планы изменились, пожалуйста, сообщите — это поможет корректно рассчитать места и передать их другим участникам. | E12: Подтвердить / отменить | F12: Только если подтверждение действительно нужно; не отправлять уже подтвердившим.
A13: Финальное напоминание | B13: Зарегистрированные / подтверждённые | C13: Делай-саммит уже завтра | D13: Завтра встречаемся на Делай-саммите. Старт — [время], адрес — [адрес], вход — [ориентир]. Программа: [ссылка]. Если потеряетесь или задержитесь: [телефон]. | E13: До встречи! | F13: Не добавлять новые смысловые блоки. Исключить отказавшихся.
A14: Утро события | B14: Подтверждённые | C14: Сегодня — Делай-саммит | D14: Сегодня встречаемся в [площадка]. Начинаем в [время]. Вход: [ориентир / изменение]. Контакт: [телефон]. | E14: Доехать / найти вход | F14: Только при сложном входе, изменениях или иной практической необходимости.
A15: Спасибо и обратная связь | B15: Пришедшие | C15: Спасибо за участие в Делай-саммите | D15: Спасибо, что были с нами. Сегодня мы [2–3 коротких результата]. Будем благодарны за обратную связь: [ссылка]. Итоговые материалы направим до [дата]. | E15: Дать обратную связь | F15: Не отправлять как «спасибо за участие» тем, кто не пришёл.
A16: Итоговые материалы | B16: Участники + партнёры | C16: Материалы и итоги Делай-саммита | D16: Собрали материалы Делай-саммита: [ссылка]. Внутри — [что есть]. Следующие шаги: [если есть]. Спасибо за участие и партнёрство. | E16: Открыть материалы / продолжить контакт | F16: Исключить тех, кто попросил не получать сообщения.

Sheet Статусы и правила
A1: СТАТУСЫ АУДИТОРИИ И ПРАВИЛА РАССЫЛКИ
A2: Главное правило: после изменения статуса человека меняется и цепочка сообщений. Это защищает аудиторию от лишних приглашений и повторов.
A4: Статус | B4: Что означает | C4: Можно приглашать? | D4: Оргинформация | E4: Финальное напоминание | F4: После события | G4: Исключения / правило
A5: Потенциальный | B5: Есть в целевой базе, приглашение ещё не отправлено | C5: Да | D5: Нет | E5: Нет | F5: Нет | G5: Можно получать широкие и сегментные приглашения.
A6: Приглашён | B6: Приглашение отправлено, регистрации пока нет | C6: Да, но только осмысленный follow-up | D6: Нет | E6: Нет | F6: Нет | G6: Не дублировать одинаковое приглашение; следующий контакт должен иметь новую причину.
A7: Зарегистрирован | B7: Заполнил регистрацию | C7: Нет | D7: Да | E7: Да | F7: Да, если пришёл | G7: Исключить из всех дальнейших CTA «зарегистрироваться».
A8: Подтвердил | B8: Подтвердил, что планирует прийти | C8: Нет | D8: Да | E8: Да | F8: Да, если пришёл | G8: Не отправлять повторный запрос подтверждения.
A9: Отказался | B9: Сообщил, что не придёт | C9: Нет | D9: Нет | E9: Нет | F9: При необходимости — материалы без давления | G9: Исключить из напоминаний и добора.
A10: Лист ожидания | B10: Место пока не подтверждено | C10: Нет обычного приглашения | D10: Отдельная информация | E10: Только после подтверждения места | F10: Да | G10: Не создавать ожидание, что место уже есть.
A11: Пришёл | B11: Фактически участвовал | C11: Нет | D11: — | E11: — | F11: Да | G11: Получает благодарность, обратную связь и итоговые материалы.
A12: Не пришёл | B12: Был зарегистрирован, но не пришёл | C12: Нет | D12: — | E12: — | F12: Материалы — при необходимости | G12: Не писать «спасибо за участие»; можно нейтрально отправить материалы.
A13: Не получать сообщения | B13: Отписался / попросил не писать | C13: Нет | D13: Нет | E13: Нет | F13: Нет | G13: Исключить из всех необязательных коммуникаций.
